-- migrate:up

INSERT INTO directus_collections (collection, managed, hidden, single, icon, note, translation) VALUES ('age_levels', 1, 0, 0, 'nature_people', null, '[{"newItem":true,"locale":"de-DE","translation":"Stufen"}]');
INSERT INTO directus_collections (collection, managed, hidden, single, icon, note, translation) VALUES ('contacts', 1, 0, 0, 'contact_mail', null, '[{"newItem":true,"locale":"de-DE","translation":"Kontakte (Abteilungsstab)"}]');
INSERT INTO directus_collections (collection, managed, hidden, single, icon, note, translation) VALUES ('event_attachments', 1, 1, 0, 'attach_file', null, '[{"newItem":true,"locale":"de-DE","translation":"Anh\\u00e4nge"}]');
INSERT INTO directus_collections (collection, managed, hidden, single, icon, note, translation) VALUES ('events', 1, 0, 0, 'event', null, '[{"newItem":true,"locale":"de-DE","translation":"Anl\\u00e4sse"}]');
INSERT INTO directus_collections (collection, managed, hidden, single, icon, note, translation) VALUES ('events_groups', 1, 1, 0, null, 'Junction Collection', null);
INSERT INTO directus_collections (collection, managed, hidden, single, icon, note, translation) VALUES ('events_special_events', 1, 1, 0, null, 'Junction Collection', null);
INSERT INTO directus_collections (collection, managed, hidden, single, icon, note, translation) VALUES ('group_images', 1, 1, 0, 'image', null, '[{"newItem":true,"locale":"de-DE","translation":"Gruppen-Bilder"}]');
INSERT INTO directus_collections (collection, managed, hidden, single, icon, note, translation) VALUES ('groups', 1, 0, 0, 'group', null, '[{"newItem":true,"locale":"de-DE","translation":"Gruppen"}]');
INSERT INTO directus_collections (collection, managed, hidden, single, icon, note, translation) VALUES ('locations', 1, 0, 0, 'location_on', null, '[{"newItem":true,"locale":"de-DE","translation":"Treffpunkte"}]');
INSERT INTO directus_collections (collection, managed, hidden, single, icon, note, translation) VALUES ('page_contents', 1, 1, 0, null, null, null);
INSERT INTO directus_collections (collection, managed, hidden, single, icon, note, translation) VALUES ('pages', 1, 0, 0, 'cloud', null, '[{"newItem":true,"locale":"de-DE","translation":"Unterseiten"}]');
INSERT INTO directus_collections (collection, managed, hidden, single, icon, note, translation) VALUES ('settings', 1, 0, 1, 'settings', null, '[{"newItem":true,"locale":"de-DE","translation":"Einstellungen"}]');
INSERT INTO directus_collections (collection, managed, hidden, single, icon, note, translation) VALUES ('special_events', 1, 0, 0, 'whatshot', null, '[{"newItem":true,"locale":"de-DE","translation":"Special Events"}]');
INSERT INTO directus_collections (collection, managed, hidden, single, icon, note, translation) VALUES ('successor_groups', 1, 1, 0, null, 'Junction Collection', null);
INSERT INTO directus_fields (id, collection, field, type, interface, options, locked, validation, required, readonly, hidden_detail, hidden_browse, sort, width, `group`, note, translation) VALUES (null, 'age_levels', 'id', 'integer', 'primary-key', null, 0, null, 0, 0, 1, 1, 1, 'full', null, null, null);
INSERT INTO directus_fields (id, collection, field, type, interface, options, locked, validation, required, readonly, hidden_detail, hidden_browse, sort, width, `group`, note, translation) VALUES (null, 'age_levels', 'image', 'file', 'file', '{"crop":true,"viewType":"cards","viewOptions":{"title":"title","subtitle":"type","content":"description","src":"data"},"viewQuery":[],"filters":[],"accept":"image\\/png,image\\/jpeg,image\\/svg+xml","allowDelete":true}', 0, null, 1, 0, 0, 0, 2, 'full', null, '', '[{"newItem":true,"locale":"de-DE","translation":"Bild"}]');
INSERT INTO directus_fields (id, collection, field, type, interface, options, locked, validation, required, readonly, hidden_detail, hidden_browse, sort, width, `group`, note, translation) VALUES (null, 'age_levels', 'name', 'string', 'text-input', '{"trim":true,"showCharacterCount":true,"formatValue":false,"monospace":false}', 0, null, 1, 0, 0, 0, 3, 'full', null, null, '[{"newItem":true,"locale":"de-DE","translation":"Name"}]');
INSERT INTO directus_fields (id, collection, field, type, interface, options, locked, validation, required, readonly, hidden_detail, hidden_browse, sort, width, `group`, note, translation) VALUES (null, 'age_levels', 'age_min', 'integer', 'numeric', '{"localized":true,"monospace":false}', 0, null, 1, 0, 0, 0, 4, 'half-left', null, null, '[{"newItem":true,"locale":"de-DE","translation":"Alter von"}]');
INSERT INTO directus_fields (id, collection, field, type, interface, options, locked, validation, required, readonly, hidden_detail, hidden_browse, sort, width, `group`, note, translation) VALUES (null, 'age_levels', 'age_max', 'integer', 'numeric', '{"localized":true,"monospace":false}', 0, null, 1, 0, 0, 0, 5, 'half-right', null, '', '[{"newItem":true,"locale":"de-DE","translation":"Alter bis"}]');
INSERT INTO directus_fields (id, collection, field, type, interface, options, locked, validation, required, readonly, hidden_detail, hidden_browse, sort, width, `group`, note, translation) VALUES (null, 'age_levels', 'color', 'string', 'color', '{"format":"hex","palette":["#E91E63","#F44336","#FF9800","#FFC107","#FFEB3B","#CDDC39","#4CAF50","#00BCD4","#2196F3","#3F51B5","#9C27B0","#607D8B"],"paletteOnly":false}', 0, null, 1, 0, 0, 0, 6, 'full', null, '', '[{"newItem":true,"locale":"de-DE","translation":"Stufenfarbe"}]');
INSERT INTO directus_fields (id, collection, field, type, interface, options, locked, validation, required, readonly, hidden_detail, hidden_browse, sort, width, `group`, note, translation) VALUES (null, 'age_levels', 'description', 'string', 'wysiwyg', '{"rows":8,"serif":false,"tinymce_options":null,"toolbar":["bold","italic","underline","removeformat","link","bullist","numlist","blockquote","h1","h2","h3","image","media","hr","code","fullscreen","aligncenter","alignjustify","alignleft","alignnone","alignright","forecolor","strikethrough","subscript","superscript","unlink","table","visualaid"],"custom_formats":null}', 0, null, 0, 0, 0, 0, 7, 'full', null, '', '[{"newItem":true,"locale":"de-DE","translation":"Stufentext"}]');
INSERT INTO directus_fields (id, collection, field, type, interface, options, locked, validation, required, readonly, hidden_detail, hidden_browse, sort, width, `group`, note, translation) VALUES (null, 'age_levels', 'logo', 'file', 'file', '{"crop":false,"viewType":"cards","viewOptions":{"title":"title","subtitle":"type","content":"description","src":"data"},"viewQuery":[],"filters":[],"accept":"image\\/png,image\\/svg+xml","allowDelete":false}', 0, null, 0, 0, 0, 0, 8, 'full', null, '', '[{"newItem":true,"locale":"de-DE","translation":"Stufenlogo"}]');
INSERT INTO directus_fields (id, collection, field, type, interface, options, locked, validation, required, readonly, hidden_detail, hidden_browse, sort, width, `group`, note, translation) VALUES (null, 'age_levels', 'annual_plan', 'file', 'file', '{"crop":true,"viewType":"cards","viewOptions":{"title":"title","subtitle":"type","content":"description","src":"data"},"viewQuery":[],"filters":[],"accept":"application\\/pdf","allowDelete":false}', 0, null, 0, 0, 0, 0, 9, 'full', null, null, '[{"newItem":true,"locale":"de-DE","translation":"Jahresplan"}]');
INSERT INTO directus_fields (id, collection, field, type, interface, options, locked, validation, required, readonly, hidden_detail, hidden_browse, sort, width, `group`, note, translation) VALUES (null, 'age_levels', 'status', 'status', 'status', '{"status_mapping":{"published":{"name":"Published","value":"published","text_color":"white","background_color":"accent","browse_subdued":false,"browse_badge":true,"soft_delete":false,"published":true,"required_fields":true},"draft":{"name":"Draft","value":"draft","text_color":"white","background_color":"blue-grey-100","browse_subdued":true,"browse_badge":true,"soft_delete":false,"published":false,"required_fields":false},"deleted":{"name":"Deleted","value":"deleted","text_color":"white","background_color":"red","browse_subdued":true,"browse_badge":true,"soft_delete":true,"published":false,"required_fields":false}}}', 0, null, 1, 0, 0, 0, 10, 'full', null, null, null);
INSERT INTO directus_fields (id, collection, field, type, interface, options, locked, validation, required, readonly, hidden_detail, hidden_browse, sort, width, `group`, note, translation) VALUES (null, 'age_levels', 'sort', 'sort', 'sort', null, 0, null, 0, 0, 1, 1, 11, 'full', null, null, null);
INSERT INTO directus_fields (id, collection, field, type, interface, options, locked, validation, required, readonly, hidden_detail, hidden_browse, sort, width, `group`, note, translation) VALUES (null, 'age_levels', 'created_on', 'datetime_created', 'datetime-created', null, 0, null, 0, 1, 1, 1, 12, 'full', null, null, null);
INSERT INTO directus_fields (id, collection, field, type, interface, options, locked, validation, required, readonly, hidden_detail, hidden_browse, sort, width, `group`, note, translation) VALUES (null, 'age_levels', 'modified_by', 'user_updated', 'user-updated', '{"template":"{{first_name}} {{last_name}}","display":"both"}', 0, null, 0, 1, 1, 1, 13, 'full', null, null, null);
INSERT INTO directus_fields (id, collection, field, type, interface, options, locked, validation, required, readonly, hidden_detail, hidden_browse, sort, width, `group`, note, translation) VALUES (null, 'age_levels', 'modified_on', 'datetime_updated', 'datetime-updated', null, 0, null, 0, 1, 1, 1, 14, 'full', null, null, null);
INSERT INTO directus_fields (id, collection, field, type, interface, options, locked, validation, required, readonly, hidden_detail, hidden_browse, sort, width, `group`, note, translation) VALUES (null, 'contacts', 'id', 'integer', 'primary-key', null, 0, null, 0, 0, 1, 1, 1, 'full', null, null, null);
INSERT INTO directus_fields (id, collection, field, type, interface, options, locked, validation, required, readonly, hidden_detail, hidden_browse, sort, width, `group`, note, translation) VALUES (null, 'contacts', 'name', 'string', 'text-input', '{"trim":true,"showCharacterCount":true,"formatValue":false,"monospace":false}', 0, null, 1, 0, 0, 0, 2, 'full', null, '', '[{"newItem":true,"locale":"de-DE","translation":"Name"}]');
INSERT INTO directus_fields (id, collection, field, type, interface, options, locked, validation, required, readonly, hidden_detail, hidden_browse, sort, width, `group`, note, translation) VALUES (null, 'contacts', 'email', 'string', 'text-input', '{"trim":true,"showCharacterCount":true,"formatValue":false,"monospace":false}', 0, '/[-a-zA-Z0-9_.+]+@[-.a-z]+\\.[-a-z]+/', 1, 0, 0, 0, 3, 'half-left', null, '', '[{"newItem":true,"locale":"de-DE","translation":"E-Mail"}]');
INSERT INTO directus_fields (id, collection, field, type, interface, options, locked, validation, required, readonly, hidden_detail, hidden_browse, sort, width, `group`, note, translation) VALUES (null, 'contacts', 'image', 'file', 'file', '{"crop":true,"viewType":"cards","viewOptions":{"title":"title","subtitle":"type","content":"description","src":"data"},"viewQuery":[],"filters":[],"accept":"image\\/png,image\\/jpeg,image\\/svg+xml","allowDelete":true}', 0, null, 1, 0, 0, 0, 4, 'full', null, '', '[{"newItem":true,"locale":"de-DE","translation":"Bild"}]');
INSERT INTO directus_fields (id, collection, field, type, interface, options, locked, validation, required, readonly, hidden_detail, hidden_browse, sort, width, `group`, note, translation) VALUES (null, 'contacts', 'status', 'status', 'status', '{"status_mapping":{"published":{"name":"Published","value":"published","text_color":"white","background_color":"accent","browse_subdued":false,"browse_badge":true,"soft_delete":false,"published":true,"required_fields":true},"draft":{"name":"Draft","value":"draft","text_color":"white","background_color":"blue-grey-100","browse_subdued":true,"browse_badge":true,"soft_delete":false,"published":false,"required_fields":false},"deleted":{"name":"Deleted","value":"deleted","text_color":"white","background_color":"red","browse_subdued":true,"browse_badge":true,"soft_delete":true,"published":false,"required_fields":false}}}', 0, null, 1, 0, 0, 0, 5, 'full', null, null, null);
INSERT INTO directus_fields (id, collection, field, type, interface, options, locked, validation, required, readonly, hidden_detail, hidden_browse, sort, width, `group`, note, translation) VALUES (null, 'contacts', 'sort', 'sort', 'sort', null, 0, null, 0, 0, 1, 1, 6, 'full', null, null, null);
INSERT INTO directus_fields (id, collection, field, type, interface, options, locked, validation, required, readonly, hidden_detail, hidden_browse, sort, width, `group`, note, translation) VALUES (null, 'contacts', 'created_on', 'datetime_created', 'datetime-created', null, 0, null, 0, 1, 1, 1, 7, 'full', null, null, null);
INSERT INTO directus_fields (id, collection, field, type, interface, options, locked, validation, required, readonly, hidden_detail, hidden_browse, sort, width, `group`, note, translation) VALUES (null, 'contacts', 'modified_by', 'user_updated', 'user-updated', '{"template":"{{first_name}} {{last_name}}","display":"both"}', 0, null, 0, 1, 1, 1, 8, 'full', null, null, null);
INSERT INTO directus_fields (id, collection, field, type, interface, options, locked, validation, required, readonly, hidden_detail, hidden_browse, sort, width, `group`, note, translation) VALUES (null, 'contacts', 'modified_on', 'datetime_updated', 'datetime-updated', null, 0, null, 0, 1, 1, 1, 9, 'full', null, null, null);
INSERT INTO directus_fields (id, collection, field, type, interface, options, locked, validation, required, readonly, hidden_detail, hidden_browse, sort, width, `group`, note, translation) VALUES (null, 'event_attachments', 'id', 'integer', 'primary-key', null, 0, null, 0, 0, 1, 1, 1, 'full', null, null, null);
INSERT INTO directus_fields (id, collection, field, type, interface, options, locked, validation, required, readonly, hidden_detail, hidden_browse, sort, width, `group`, note, translation) VALUES (null, 'event_attachments', 'event', 'm2o', 'many-to-one', '{"template":"{{name}}","visible_fields":"name","placeholder":"","threshold":20}', 0, null, 1, 1, 1, 1, 2, 'full', null, '', '[{"newItem":true,"locale":"de-DE","translation":"Anlass"}]');
INSERT INTO directus_fields (id, collection, field, type, interface, options, locked, validation, required, readonly, hidden_detail, hidden_browse, sort, width, `group`, note, translation) VALUES (null, 'event_attachments', 'name', 'string', 'text-input', '{"trim":true,"showCharacterCount":true,"formatValue":false,"monospace":false}', 0, null, 1, 0, 0, 0, 3, 'full', null, null, '[{"newItem":true,"locale":"de-DE","translation":"Name"}]');
INSERT INTO directus_fields (id, collection, field, type, interface, options, locked, validation, required, readonly, hidden_detail, hidden_browse, sort, width, `group`, note, translation) VALUES (null, 'event_attachments', 'attachment', 'file', 'file', '{"crop":true,"viewType":"cards","viewOptions":{"title":"title","subtitle":"type","content":"description","src":"data"},"viewQuery":[],"filters":[],"allowDelete":true}', 0, null, 1, 0, 0, 0, 4, 'full', null, null, '[{"newItem":true,"locale":"de-DE","translation":"Anhang"}]');
INSERT INTO directus_fields (id, collection, field, type, interface, options, locked, validation, required, readonly, hidden_detail, hidden_browse, sort, width, `group`, note, translation) VALUES (null, 'event_attachments', 'status', 'status', 'status', '{"status_mapping":{"published":{"name":"Published","value":"published","text_color":"white","background_color":"accent","browse_subdued":false,"browse_badge":true,"soft_delete":false,"published":true,"required_fields":true},"draft":{"name":"Draft","value":"draft","text_color":"white","background_color":"blue-grey-100","browse_subdued":true,"browse_badge":true,"soft_delete":false,"published":false,"required_fields":false},"deleted":{"name":"Deleted","value":"deleted","text_color":"white","background_color":"red","browse_subdued":true,"browse_badge":true,"soft_delete":true,"published":false,"required_fields":false}}}', 0, null, 1, 0, 1, 1, 5, 'full', null, '', '[]');
INSERT INTO directus_fields (id, collection, field, type, interface, options, locked, validation, required, readonly, hidden_detail, hidden_browse, sort, width, `group`, note, translation) VALUES (null, 'event_attachments', 'owner', 'owner', 'owner', '{"template":"{{first_name}} {{last_name}}","display":"both"}', 0, null, 0, 1, 1, 1, 6, 'full', null, null, null);
INSERT INTO directus_fields (id, collection, field, type, interface, options, locked, validation, required, readonly, hidden_detail, hidden_browse, sort, width, `group`, note, translation) VALUES (null, 'event_attachments', 'created_on', 'datetime_created', 'datetime-created', null, 0, null, 0, 1, 1, 1, 7, 'full', null, null, null);
INSERT INTO directus_fields (id, collection, field, type, interface, options, locked, validation, required, readonly, hidden_detail, hidden_browse, sort, width, `group`, note, translation) VALUES (null, 'event_attachments', 'modified_by', 'user_updated', 'user-updated', '{"template":"{{first_name}} {{last_name}}","display":"both"}', 0, null, 0, 1, 1, 1, 8, 'full', null, null, null);
INSERT INTO directus_fields (id, collection, field, type, interface, options, locked, validation, required, readonly, hidden_detail, hidden_browse, sort, width, `group`, note, translation) VALUES (null, 'event_attachments', 'modified_on', 'datetime_updated', 'datetime-updated', null, 0, null, 0, 1, 1, 1, 9, 'full', null, null, null);
INSERT INTO directus_fields (id, collection, field, type, interface, options, locked, validation, required, readonly, hidden_detail, hidden_browse, sort, width, `group`, note, translation) VALUES (null, 'events', 'id', 'integer', 'primary-key', null, 0, null, 0, 0, 1, 1, 1, 'full', null, null, null);
INSERT INTO directus_fields (id, collection, field, type, interface, options, locked, validation, required, readonly, hidden_detail, hidden_browse, sort, width, `group`, note, translation) VALUES (null, 'events', 'name', 'string', 'text-input', '{"trim":true,"showCharacterCount":true,"formatValue":false,"monospace":false}', 0, null, 1, 0, 0, 0, 2, 'full', null, '', '[{"newItem":true,"locale":"de-DE","translation":"Name"}]');
INSERT INTO directus_fields (id, collection, field, type, interface, options, locked, validation, required, readonly, hidden_detail, hidden_browse, sort, width, `group`, note, translation) VALUES (null, 'events', 'description', 'string', 'wysiwyg', '{"rows":8,"serif":false,"tinymce_options":null,"toolbar":["bold","italic","underline","removeformat","link","bullist","numlist","blockquote","h1","h2","h3","image","media","hr","code","fullscreen","aligncenter","alignjustify","alignleft","alignnone","alignright","forecolor","strikethrough","subscript","superscript","unlink","table","visualaid"],"custom_formats":null}', 0, null, 0, 0, 0, 0, 3, 'full', null, '', '[{"newItem":true,"locale":"de-DE","translation":"Beschreibung"}]');
INSERT INTO directus_fields (id, collection, field, type, interface, options, locked, validation, required, readonly, hidden_detail, hidden_browse, sort, width, `group`, note, translation) VALUES (null, 'events', 'participating_groups', 'o2m', 'many-to-many', '{"allow_create":false,"allow_select":true}', 0, null, 0, 0, 0, 0, 4, 'full', null, null, '[{"newItem":true,"locale":"de-DE","translation":"Teilnehmende Gruppen"}]');
INSERT INTO directus_fields (id, collection, field, type, interface, options, locked, validation, required, readonly, hidden_detail, hidden_browse, sort, width, `group`, note, translation) VALUES (null, 'events', 'start_time', 'datetime', 'datetime', '{"format":"dmy","localized":true}', 0, null, 1, 0, 0, 0, 5, 'full', null, null, '[{"newItem":true,"locale":"de-DE","translation":"Startzeit"}]');
INSERT INTO directus_fields (id, collection, field, type, interface, options, locked, validation, required, readonly, hidden_detail, hidden_browse, sort, width, `group`, note, translation) VALUES (null, 'events', 'start_location', 'm2o', 'many-to-one', '{"template":"{{name}}","visible_fields":"{{name}}","placeholder":"","threshold":"20"}', 0, null, 1, 0, 0, 0, 6, 'full', null, '', '[{"newItem":true,"locale":"de-DE","translation":"Startort"}]');
INSERT INTO directus_fields (id, collection, field, type, interface, options, locked, validation, required, readonly, hidden_detail, hidden_browse, sort, width, `group`, note, translation) VALUES (null, 'events', 'end_time', 'datetime', 'datetime', '{"format":"dmy","localized":true}', 0, null, 1, 0, 0, 0, 7, 'full', null, null, '[{"newItem":true,"locale":"de-DE","translation":"Endzeit"}]');
INSERT INTO directus_fields (id, collection, field, type, interface, options, locked, validation, required, readonly, hidden_detail, hidden_browse, sort, width, `group`, note, translation) VALUES (null, 'events', 'end_location', 'm2o', 'many-to-one', '{"template":"{{name}}","visible_fields":"name","placeholder":"","threshold":"20"}', 0, null, 0, 0, 0, 0, 8, 'full', null, '', '[{"newItem":true,"locale":"de-DE","translation":"Endort"}]');
INSERT INTO directus_fields (id, collection, field, type, interface, options, locked, validation, required, readonly, hidden_detail, hidden_browse, sort, width, `group`, note, translation) VALUES (null, 'events', 'bring', 'string', 'wysiwyg', '{"rows":8,"serif":false,"tinymce_options":null,"toolbar":["bold","italic","underline","removeformat","link","bullist","numlist","blockquote","h1","h2","h3","image","media","hr","code","fullscreen","aligncenter","alignjustify","alignleft","alignnone","alignright","forecolor","strikethrough","subscript","superscript","unlink"],"custom_formats":null}', 0, null, 0, 0, 0, 0, 9, 'full', null, null, '[{"newItem":true,"locale":"de-DE","translation":"Mitnehmen"}]');
INSERT INTO directus_fields (id, collection, field, type, interface, options, locked, validation, required, readonly, hidden_detail, hidden_browse, sort, width, `group`, note, translation) VALUES (null, 'events', 'attachments', 'o2m', 'one-to-many', '{"template":"{{name}}","placeholder":"Select one","threshold":20,"sort_field":"","delete_mode":"item","allow_create":true,"allow_select":false}', 0, null, 0, 0, 0, 0, 10, 'full', null, null, '[{"newItem":true,"locale":"de-DE","translation":"Anh\\u00e4nge"}]');
INSERT INTO directus_fields (id, collection, field, type, interface, options, locked, validation, required, readonly, hidden_detail, hidden_browse, sort, width, `group`, note, translation) VALUES (null, 'events', 'special_events', 'o2m', 'many-to-many', '{"allow_create":false,"allow_select":true}', 0, null, 0, 0, 0, 0, 11, 'full', null, null, '[{"newItem":true,"locale":"de-DE","translation":"Dieser Anlass ist..."}]');
INSERT INTO directus_fields (id, collection, field, type, interface, options, locked, validation, required, readonly, hidden_detail, hidden_browse, sort, width, `group`, note, translation) VALUES (null, 'events', 'status', 'status', 'status', '{"status_mapping":{"published":{"name":"Published","value":"published","text_color":"white","background_color":"accent","browse_subdued":false,"browse_badge":true,"soft_delete":false,"published":true,"required_fields":true},"draft":{"name":"Draft","value":"draft","text_color":"white","background_color":"blue-grey-100","browse_subdued":true,"browse_badge":true,"soft_delete":false,"published":false,"required_fields":false},"deleted":{"name":"Deleted","value":"deleted","text_color":"white","background_color":"red","browse_subdued":true,"browse_badge":true,"soft_delete":true,"published":false,"required_fields":false}}}', 0, null, 1, 0, 0, 0, 12, 'full', null, null, null);
INSERT INTO directus_fields (id, collection, field, type, interface, options, locked, validation, required, readonly, hidden_detail, hidden_browse, sort, width, `group`, note, translation) VALUES (null, 'events', 'owner', 'owner', 'owner', '{"template":"{{first_name}} {{last_name}}","display":"both"}', 0, null, 0, 1, 1, 1, 13, 'full', null, null, null);
INSERT INTO directus_fields (id, collection, field, type, interface, options, locked, validation, required, readonly, hidden_detail, hidden_browse, sort, width, `group`, note, translation) VALUES (null, 'events', 'created_on', 'datetime_created', 'datetime-created', null, 0, null, 0, 1, 1, 1, 14, 'full', null, null, null);
INSERT INTO directus_fields (id, collection, field, type, interface, options, locked, validation, required, readonly, hidden_detail, hidden_browse, sort, width, `group`, note, translation) VALUES (null, 'events', 'modified_by', 'user_updated', 'user-updated', '{"template":"{{first_name}} {{last_name}}","display":"both"}', 0, null, 0, 1, 1, 1, 15, 'full', null, null, null);
INSERT INTO directus_fields (id, collection, field, type, interface, options, locked, validation, required, readonly, hidden_detail, hidden_browse, sort, width, `group`, note, translation) VALUES (null, 'events', 'modified_on', 'datetime_updated', 'datetime-updated', null, 0, null, 0, 1, 1, 1, 16, 'full', null, null, null);
INSERT INTO directus_fields (id, collection, field, type, interface, options, locked, validation, required, readonly, hidden_detail, hidden_browse, sort, width, `group`, note, translation) VALUES (null, 'events_groups', 'id', 'integer', 'primary-key', null, 0, null, 0, 0, 0, 0, 0, 'full', null, null, null);
INSERT INTO directus_fields (id, collection, field, type, interface, options, locked, validation, required, readonly, hidden_detail, hidden_browse, sort, width, `group`, note, translation) VALUES (null, 'events_groups', 'event', 'integer', null, null, 0, null, 1, 0, 0, 0, 0, 'full', null, null, null);
INSERT INTO directus_fields (id, collection, field, type, interface, options, locked, validation, required, readonly, hidden_detail, hidden_browse, sort, width, `group`, note, translation) VALUES (null, 'events_groups', 'group', 'integer', null, null, 0, null, 1, 0, 0, 0, 0, 'full', null, null, null);
INSERT INTO directus_fields (id, collection, field, type, interface, options, locked, validation, required, readonly, hidden_detail, hidden_browse, sort, width, `group`, note, translation) VALUES (null, 'events_special_events', 'id', 'integer', 'primary-key', null, 0, null, 0, 0, 0, 0, 0, 'full', null, null, null);
INSERT INTO directus_fields (id, collection, field, type, interface, options, locked, validation, required, readonly, hidden_detail, hidden_browse, sort, width, `group`, note, translation) VALUES (null, 'events_special_events', 'event', 'integer', null, null, 0, null, 1, 0, 0, 0, 0, 'full', null, null, null);
INSERT INTO directus_fields (id, collection, field, type, interface, options, locked, validation, required, readonly, hidden_detail, hidden_browse, sort, width, `group`, note, translation) VALUES (null, 'events_special_events', 'special_event', 'integer', null, null, 0, null, 1, 0, 0, 0, 0, 'full', null, null, null);
INSERT INTO directus_fields (id, collection, field, type, interface, options, locked, validation, required, readonly, hidden_detail, hidden_browse, sort, width, `group`, note, translation) VALUES (null, 'group_images', 'id', 'integer', 'primary-key', null, 0, null, 0, 0, 1, 1, 1, 'full', null, null, null);
INSERT INTO directus_fields (id, collection, field, type, interface, options, locked, validation, required, readonly, hidden_detail, hidden_browse, sort, width, `group`, note, translation) VALUES (null, 'group_images', 'group', 'm2o', 'many-to-one', '{"icon":"group","template":"{{name}}","visible_fields":"name","placeholder":"","threshold":20}', 0, null, 1, 0, 0, 0, 2, 'full', null, null, '[{"newItem":true,"locale":"de-DE","translation":"Gruppe"}]');
INSERT INTO directus_fields (id, collection, field, type, interface, options, locked, validation, required, readonly, hidden_detail, hidden_browse, sort, width, `group`, note, translation) VALUES (null, 'group_images', 'image', 'file', 'file', '{"crop":true,"viewType":"cards","viewOptions":{"title":"title","subtitle":"type","content":"description","src":"data"},"viewQuery":[],"filters":[],"accept":"image\\/png,image\\/jpeg,image\\/svg+xml","allowDelete":true}', 0, null, 1, 0, 0, 0, 3, 'full', null, null, '[{"newItem":true,"locale":"de-DE","translation":"Bild"}]');
INSERT INTO directus_fields (id, collection, field, type, interface, options, locked, validation, required, readonly, hidden_detail, hidden_browse, sort, width, `group`, note, translation) VALUES (null, 'group_images', 'owner', 'owner', 'owner', '{"template":"{{first_name}} {{last_name}}","display":"both"}', 0, null, 0, 1, 1, 1, 4, 'full', null, null, null);
INSERT INTO directus_fields (id, collection, field, type, interface, options, locked, validation, required, readonly, hidden_detail, hidden_browse, sort, width, `group`, note, translation) VALUES (null, 'group_images', 'created_on', 'datetime_created', 'datetime-created', null, 0, null, 0, 1, 1, 1, 5, 'full', null, null, null);
INSERT INTO directus_fields (id, collection, field, type, interface, options, locked, validation, required, readonly, hidden_detail, hidden_browse, sort, width, `group`, note, translation) VALUES (null, 'group_images', 'modified_by', 'user_updated', 'user-updated', '{"template":"{{first_name}} {{last_name}}","display":"both"}', 0, null, 0, 1, 1, 1, 6, 'full', null, null, null);
INSERT INTO directus_fields (id, collection, field, type, interface, options, locked, validation, required, readonly, hidden_detail, hidden_browse, sort, width, `group`, note, translation) VALUES (null, 'group_images', 'modified_on', 'datetime_updated', 'datetime-updated', null, 0, null, 0, 1, 1, 1, 7, 'full', null, null, null);
INSERT INTO directus_fields (id, collection, field, type, interface, options, locked, validation, required, readonly, hidden_detail, hidden_browse, sort, width, `group`, note, translation) VALUES (null, 'groups', 'id', 'integer', 'primary-key', null, 0, null, 0, 0, 1, 1, 1, 'full', null, null, null);
INSERT INTO directus_fields (id, collection, field, type, interface, options, locked, validation, required, readonly, hidden_detail, hidden_browse, sort, width, `group`, note, translation) VALUES (null, 'groups', 'name', 'string', 'text-input', '{"trim":true,"showCharacterCount":true,"formatValue":false,"monospace":false}', 0, null, 1, 0, 0, 0, 2, 'full', null, '', '[{"newItem":true,"locale":"de-DE","translation":"Name"}]');
INSERT INTO directus_fields (id, collection, field, type, interface, options, locked, validation, required, readonly, hidden_detail, hidden_browse, sort, width, `group`, note, translation) VALUES (null, 'groups', 'age_level', 'm2o', 'many-to-one', '{"icon":"nature_people","template":"{{name}}","visible_fields":"name","placeholder":"","threshold":20}', 0, null, 1, 0, 0, 0, 3, 'full', null, null, '[{"newItem":true,"locale":"de-DE","translation":"Stufe"}]');
INSERT INTO directus_fields (id, collection, field, type, interface, options, locked, validation, required, readonly, hidden_detail, hidden_browse, sort, width, `group`, note, translation) VALUES (null, 'groups', 'gender', 'string', 'button-group', '{"choices":[{"newItem":true,"groups":[{"newItem":true,"label":"Gemischt","value":"b"},{"newItem":true,"label":"Knaben","value":"m"},{"newItem":true,"label":"M\\u00e4dchen","value":"w"}]}],"theme":"solid"}', 0, null, 1, 0, 0, 0, 4, 'full', null, null, '[{"newItem":true,"locale":"de-DE","translation":"Geschlecht"}]');
INSERT INTO directus_fields (id, collection, field, type, interface, options, locked, validation, required, readonly, hidden_detail, hidden_browse, sort, width, `group`, note, translation) VALUES (null, 'groups', 'logo', 'file', 'file', '{"crop":false,"viewType":"cards","viewOptions":{"title":"title","subtitle":"type","content":"description","src":"data"},"viewQuery":[],"filters":[],"accept":"image\\/png,image\\/svg+xml","allowDelete":false}', 0, null, 0, 0, 0, 0, 5, 'full', null, '', '[{"newItem":true,"locale":"de-DE","translation":"Gruppenlogo"}]');
INSERT INTO directus_fields (id, collection, field, type, interface, options, locked, validation, required, readonly, hidden_detail, hidden_browse, sort, width, `group`, note, translation) VALUES (null, 'groups', 'color', 'string', 'color', '{"format":"hex","palette":["#E91E63","#F44336","#FF9800","#FFC107","#FFEB3B","#CDDC39","#4CAF50","#00BCD4","#2196F3","#3F51B5","#9C27B0","#607D8B"],"paletteOnly":false}', 0, null, 1, 0, 0, 0, 6, 'full', null, '', '[{"newItem":true,"locale":"de-DE","translation":"Gruppenfarbe"}]');
INSERT INTO directus_fields (id, collection, field, type, interface, options, locked, validation, required, readonly, hidden_detail, hidden_browse, sort, width, `group`, note, translation) VALUES (null, 'groups', 'area', 'string', 'text-input', '{"trim":true,"showCharacterCount":true,"formatValue":false,"monospace":false}', 0, null, 0, 0, 0, 0, 7, 'full', null, null, '[{"newItem":true,"locale":"de-DE","translation":"Einzugsgebiet"}]');
INSERT INTO directus_fields (id, collection, field, type, interface, options, locked, validation, required, readonly, hidden_detail, hidden_browse, sort, width, `group`, note, translation) VALUES (null, 'groups', 'description', 'string', 'wysiwyg', '{"rows":8,"serif":false,"tinymce_options":null,"toolbar":["bold","italic","underline","removeformat","link","bullist","numlist","blockquote","h1","h2","h3","image","media","hr","code","fullscreen","aligncenter","alignjustify","alignleft","alignnone","alignright","forecolor","strikethrough","subscript","superscript","unlink","table","visualaid"],"custom_formats":null}', 0, null, 0, 0, 0, 0, 8, 'full', null, '', '[{"newItem":true,"locale":"de-DE","translation":"Beschreibung"}]');
INSERT INTO directus_fields (id, collection, field, type, interface, options, locked, validation, required, readonly, hidden_detail, hidden_browse, sort, width, `group`, note, translation) VALUES (null, 'groups', 'contact_email', 'string', 'text-input', '{"trim":true,"showCharacterCount":true,"formatValue":false,"monospace":false}', 0, '/[-a-zA-Z0-9_.+]+@[-.a-z]+\\.[-a-z]+/', 1, 0, 0, 0, 9, 'half-left', null, '', '[{"newItem":true,"locale":"de-DE","translation":"Kontakt E-Mail"}]');
INSERT INTO directus_fields (id, collection, field, type, interface, options, locked, validation, required, readonly, hidden_detail, hidden_browse, sort, width, `group`, note, translation) VALUES (null, 'groups', 'contact_name', 'string', 'text-input', '{"trim":true,"showCharacterCount":true,"formatValue":false,"monospace":false}', 0, null, 1, 0, 0, 0, 10, 'full', null, null, '[{"newItem":true,"locale":"de-DE","translation":"Angezeigter Kontakt-Name"}]');
INSERT INTO directus_fields (id, collection, field, type, interface, options, locked, validation, required, readonly, hidden_detail, hidden_browse, sort, width, `group`, note, translation) VALUES (null, 'groups', 'successor_groups', 'o2m', 'many-to-many', '{"allow_create":false,"allow_select":true}', 0, null, 0, 0, 0, 0, 11, 'full', null, null, '[{"newItem":true,"locale":"de-DE","translation":"Alte TN kommen zu..."}]');
INSERT INTO directus_fields (id, collection, field, type, interface, options, locked, validation, required, readonly, hidden_detail, hidden_browse, sort, width, `group`, note, translation) VALUES (null, 'groups', 'images', 'o2m', 'one-to-many', '{"delete_mode":"item","allow_create":true,"allow_select":false}', 0, null, 0, 0, 0, 0, 12, 'full', null, null, '[{"newItem":true,"locale":"de-DE","translation":"Highlight-Bilder"}]');
INSERT INTO directus_fields (id, collection, field, type, interface, options, locked, validation, required, readonly, hidden_detail, hidden_browse, sort, width, `group`, note, translation) VALUES (null, 'groups', 'annual_plan', 'file', 'file', '{"crop":true,"viewType":"cards","viewOptions":{"title":"title","subtitle":"type","content":"description","src":"data"},"viewQuery":[],"filters":[],"accept":"application\\/pdf","allowDelete":false}', 0, null, 0, 0, 0, 0, 13, 'full', null, '', '[{"newItem":true,"locale":"de-DE","translation":"Jahresplan"}]');
INSERT INTO directus_fields (id, collection, field, type, interface, options, locked, validation, required, readonly, hidden_detail, hidden_browse, sort, width, `group`, note, translation) VALUES (null, 'groups', 'status', 'status', 'status', '{"status_mapping":{"published":{"name":"Published","value":"published","text_color":"white","background_color":"accent","browse_subdued":false,"browse_badge":true,"soft_delete":false,"published":true,"required_fields":true},"draft":{"name":"Draft","value":"draft","text_color":"white","background_color":"blue-grey-100","browse_subdued":true,"browse_badge":true,"soft_delete":false,"published":false,"required_fields":false},"deleted":{"name":"Deleted","value":"deleted","text_color":"white","background_color":"red","browse_subdued":true,"browse_badge":true,"soft_delete":true,"published":false,"required_fields":false}}}', 0, null, 1, 0, 0, 0, 14, 'full', null, null, null);
INSERT INTO directus_fields (id, collection, field, type, interface, options, locked, validation, required, readonly, hidden_detail, hidden_browse, sort, width, `group`, note, translation) VALUES (null, 'groups', 'sort', 'sort', 'sort', null, 0, null, 0, 0, 1, 1, 15, 'full', null, null, null);
INSERT INTO directus_fields (id, collection, field, type, interface, options, locked, validation, required, readonly, hidden_detail, hidden_browse, sort, width, `group`, note, translation) VALUES (null, 'groups', 'owner', 'owner', 'owner', '{"template":"{{first_name}} {{last_name}}","display":"both"}', 0, null, 0, 1, 1, 1, 16, 'full', null, null, null);
INSERT INTO directus_fields (id, collection, field, type, interface, options, locked, validation, required, readonly, hidden_detail, hidden_browse, sort, width, `group`, note, translation) VALUES (null, 'groups', 'created_on', 'datetime_created', 'datetime-created', null, 0, null, 0, 1, 1, 1, 17, 'full', null, null, null);
INSERT INTO directus_fields (id, collection, field, type, interface, options, locked, validation, required, readonly, hidden_detail, hidden_browse, sort, width, `group`, note, translation) VALUES (null, 'groups', 'modified_by', 'user_updated', 'user-updated', '{"template":"{{first_name}} {{last_name}}","display":"both"}', 0, null, 0, 1, 1, 1, 18, 'full', null, null, null);
INSERT INTO directus_fields (id, collection, field, type, interface, options, locked, validation, required, readonly, hidden_detail, hidden_browse, sort, width, `group`, note, translation) VALUES (null, 'groups', 'modified_on', 'datetime_updated', 'datetime-updated', null, 0, null, 0, 1, 1, 1, 19, 'full', null, null, null);
INSERT INTO directus_fields (id, collection, field, type, interface, options, locked, validation, required, readonly, hidden_detail, hidden_browse, sort, width, `group`, note, translation) VALUES (null, 'locations', 'id', 'integer', 'primary-key', null, 0, null, 0, 0, 1, 1, 1, 'full', null, null, null);
INSERT INTO directus_fields (id, collection, field, type, interface, options, locked, validation, required, readonly, hidden_detail, hidden_browse, sort, width, `group`, note, translation) VALUES (null, 'locations', 'name', 'string', 'text-input', '{"trim":true,"showCharacterCount":true,"formatValue":false,"monospace":false}', 0, null, 1, 0, 0, 0, 2, 'full', null, '', '[{"newItem":true,"locale":"de-DE","translation":"Name"}]');
INSERT INTO directus_fields (id, collection, field, type, interface, options, locked, validation, required, readonly, hidden_detail, hidden_browse, sort, width, `group`, note, translation) VALUES (null, 'locations', 'location', 'json', 'swisstopo_map', '{"height":400,"mapLat":"47.378968","mapLng":"8.540732","defaultZoom":20,"maxZoom":28,"address_to_code":true}', 0, null, 1, 0, 0, 0, 3, 'full', null, '', '[{"newItem":true,"locale":"de-DE","translation":"Ort"}]');
INSERT INTO directus_fields (id, collection, field, type, interface, options, locked, validation, required, readonly, hidden_detail, hidden_browse, sort, width, `group`, note, translation) VALUES (null, 'locations', 'status', 'status', 'status', '{"status_mapping":{"published":{"name":"Published","value":"published","text_color":"white","background_color":"accent","browse_subdued":false,"browse_badge":true,"soft_delete":false,"published":true,"required_fields":true},"draft":{"name":"Draft","value":"draft","text_color":"white","background_color":"blue-grey-100","browse_subdued":true,"browse_badge":true,"soft_delete":false,"published":false,"required_fields":false},"deleted":{"name":"Deleted","value":"deleted","text_color":"white","background_color":"red","browse_subdued":true,"browse_badge":true,"soft_delete":true,"published":false,"required_fields":false}}}', 0, null, 1, 0, 0, 0, 4, 'full', null, null, null);
INSERT INTO directus_fields (id, collection, field, type, interface, options, locked, validation, required, readonly, hidden_detail, hidden_browse, sort, width, `group`, note, translation) VALUES (null, 'locations', 'created_on', 'datetime_created', 'datetime-created', null, 0, null, 0, 1, 1, 1, 5, 'full', null, null, null);
INSERT INTO directus_fields (id, collection, field, type, interface, options, locked, validation, required, readonly, hidden_detail, hidden_browse, sort, width, `group`, note, translation) VALUES (null, 'locations', 'modified_by', 'user_updated', 'user-updated', '{"template":"{{first_name}} {{last_name}}","display":"both"}', 0, null, 0, 1, 1, 1, 6, 'full', null, null, null);
INSERT INTO directus_fields (id, collection, field, type, interface, options, locked, validation, required, readonly, hidden_detail, hidden_browse, sort, width, `group`, note, translation) VALUES (null, 'locations', 'modified_on', 'datetime_updated', 'datetime-updated', null, 0, null, 0, 1, 1, 1, 7, 'full', null, null, null);
INSERT INTO directus_fields (id, collection, field, type, interface, options, locked, validation, required, readonly, hidden_detail, hidden_browse, sort, width, `group`, note, translation) VALUES (null, 'page_contents', 'id', 'integer', 'primary-key', null, 0, null, 0, 0, 1, 1, 1, 'full', null, null, null);
INSERT INTO directus_fields (id, collection, field, type, interface, options, locked, validation, required, readonly, hidden_detail, hidden_browse, sort, width, `group`, note, translation) VALUES (null, 'page_contents', 'page', 'm2o', 'many-to-one', '{"template":"{{name}}","visible_fields":"name","placeholder":"","threshold":20}', 0, null, 1, 1, 1, 1, 2, 'full', null, '', '[{"newItem":true,"locale":"de-DE","translation":"Unterseite"}]');
INSERT INTO directus_fields (id, collection, field, type, interface, options, locked, validation, required, readonly, hidden_detail, hidden_browse, sort, width, `group`, note, translation) VALUES (null, 'page_contents', 'separator_banner', 'file', 'file', '{"crop":true,"viewType":"cards","viewOptions":{"title":"title","subtitle":"type","content":"description","src":"data"},"viewQuery":[],"filters":[],"accept":"image\\/png,image\\/jpeg,image\\/svg+xml","allowDelete":true}', 0, null, 1, 0, 0, 0, 3, 'full', null, '', '[{"newItem":true,"locale":"de-DE","translation":"Bild"}]');
INSERT INTO directus_fields (id, collection, field, type, interface, options, locked, validation, required, readonly, hidden_detail, hidden_browse, sort, width, `group`, note, translation) VALUES (null, 'page_contents', 'content', 'string', 'wysiwyg', '{"tinymce_options":null,"toolbar":["bold","italic","underline","removeformat","link","bullist","numlist","blockquote","h1","h2","h3","image","media","hr","code","fullscreen","aligncenter","alignjustify","alignleft","alignnone","alignright","forecolor","strikethrough","subscript","superscript","unlink","table"],"custom_formats":null}', 0, null, 1, 0, 0, 0, 4, 'full', null, null, '[{"newItem":true,"locale":"de-DE","translation":"Inhalt"}]');
INSERT INTO directus_fields (id, collection, field, type, interface, options, locked, validation, required, readonly, hidden_detail, hidden_browse, sort, width, `group`, note, translation) VALUES (null, 'page_contents', 'sort', 'sort', 'sort', null, 0, null, 0, 0, 1, 1, 5, 'full', null, null, null);
INSERT INTO directus_fields (id, collection, field, type, interface, options, locked, validation, required, readonly, hidden_detail, hidden_browse, sort, width, `group`, note, translation) VALUES (null, 'page_contents', 'modified_by', 'user_updated', 'user-updated', '{"template":"{{first_name}} {{last_name}}","display":"both"}', 0, null, 0, 1, 1, 1, 6, 'full', null, null, null);
INSERT INTO directus_fields (id, collection, field, type, interface, options, locked, validation, required, readonly, hidden_detail, hidden_browse, sort, width, `group`, note, translation) VALUES (null, 'page_contents', 'modified_on', 'datetime_updated', 'datetime-updated', null, 0, null, 0, 1, 1, 1, 7, 'full', null, null, null);
INSERT INTO directus_fields (id, collection, field, type, interface, options, locked, validation, required, readonly, hidden_detail, hidden_browse, sort, width, `group`, note, translation) VALUES (null, 'pages', 'id', 'integer', 'primary-key', null, 0, null, 0, 0, 1, 1, 1, 'full', null, null, null);
INSERT INTO directus_fields (id, collection, field, type, interface, options, locked, validation, required, readonly, hidden_detail, hidden_browse, sort, width, `group`, note, translation) VALUES (null, 'pages', 'name', 'string', 'text-input', '{"trim":true,"showCharacterCount":true,"formatValue":false,"monospace":false}', 0, null, 1, 0, 0, 0, 2, 'full', null, '', '[{"newItem":true,"locale":"de-DE","translation":"Name"}]');
INSERT INTO directus_fields (id, collection, field, type, interface, options, locked, validation, required, readonly, hidden_detail, hidden_browse, sort, width, `group`, note, translation) VALUES (null, 'pages', 'status', 'status', 'status', '{"status_mapping":{"published":{"name":"Published","value":"published","text_color":"white","background_color":"accent","browse_subdued":false,"browse_badge":true,"soft_delete":false,"published":true,"required_fields":true},"draft":{"name":"Draft","value":"draft","text_color":"white","background_color":"blue-grey-100","browse_subdued":true,"browse_badge":true,"soft_delete":false,"published":false,"required_fields":false},"deleted":{"name":"Deleted","value":"deleted","text_color":"white","background_color":"red","browse_subdued":true,"browse_badge":true,"soft_delete":true,"published":false,"required_fields":false}}}', 0, null, 1, 0, 0, 0, 3, 'full', null, null, null);
INSERT INTO directus_fields (id, collection, field, type, interface, options, locked, validation, required, readonly, hidden_detail, hidden_browse, sort, width, `group`, note, translation) VALUES (null, 'pages', 'banner', 'file', 'file', '{"crop":true,"viewType":"cards","viewOptions":{"title":"title","subtitle":"type","content":"description","src":"data"},"viewQuery":[],"filters":[],"accept":"image\\/png,image\\/jpeg","allowDelete":true}', 0, null, 1, 0, 0, 0, 4, 'full', null, '', '[{"newItem":true,"locale":"de-DE","translation":"Bild"}]');
INSERT INTO directus_fields (id, collection, field, type, interface, options, locked, validation, required, readonly, hidden_detail, hidden_browse, sort, width, `group`, note, translation) VALUES (null, 'pages', 'contents', 'o2m', 'one-to-many', '{"sort_field":"sort","delete_mode":"item","allow_create":true,"allow_select":false}', 0, null, 0, 0, 0, 0, 5, 'full', null, null, '[{"newItem":true,"locale":"de-DE","translation":"Inhalte"}]');
INSERT INTO directus_fields (id, collection, field, type, interface, options, locked, validation, required, readonly, hidden_detail, hidden_browse, sort, width, `group`, note, translation) VALUES (null, 'pages', 'form', 'alias', 'divider', '{"placeholder":"Choose a collection...","include_system":false,"style":"large","title":"","hr":true,"margin":true}', 0, null, 0, 0, 0, 0, 6, 'full', null, null, '[{"newItem":true,"locale":"de-DE","translation":"Formular"}]');
INSERT INTO directus_fields (id, collection, field, type, interface, options, locked, validation, required, readonly, hidden_detail, hidden_browse, sort, width, `group`, note, translation) VALUES (null, 'pages', 'form_fields', 'json', 'repeater', '{"placeholder":"Neues Formularfeld","createItemText":"Formularfeld hinzufügen","limit":null,"structure":"array","fields":[{"newItem":true,"field":"name","width":"full","interface":"text-input","type":"string","options":{"trim":true,"showCharacterCount":true}},{"newItem":true,"field":"type","width":"half","interface":"dropdown","type":"string","options":{"choices":{"text":"Text","textarea":"Text (mehrzeilig)","number":"Zahl","email":"E-Mail-Adresse","tel":"Telefonnummer","gender":"Geschlecht","date":"Datum","clothing-size":"Kleidergr\\u00f6sse (XS - XL)"},"formatting":true}},{"newItem":true,"field":"required","width":"half","interface":"switch","type":"boolean","options":{"labelOn":"Erforderlich","labelOff":"Optional"}}]}', 0, null, 0, 0, 0, 0, 7, 'full', null, '', '[{"newItem":true,"locale":"de-DE","translation":"Formularfelder"}]');
INSERT INTO directus_fields (id, collection, field, type, interface, options, locked, validation, required, readonly, hidden_detail, hidden_browse, sort, width, `group`, note, translation) VALUES (null, 'pages', 'whatwedo', 'alias', 'divider', '{"checkbox":false,"style":"large","title":"","hr":true,"margin":true}', 0, null, 0, 0, 0, 0, 8, 'full', null, null, '[{"newItem":true,"locale":"de-DE","translation":"Was wir tun"}]');
INSERT INTO directus_fields (id, collection, field, type, interface, options, locked, validation, required, readonly, hidden_detail, hidden_browse, sort, width, `group`, note, translation) VALUES (null, 'pages', 'whatwedo_show', 'boolean', 'switch', '{"labelOn":"Anzeigen","labelOff":"Nicht anzeigen","checkbox":false}', 0, null, 0, 0, 0, 0, 9, 'full', null, null, '[{"newItem":true,"locale":"de-DE","translation":"Stufentexte auf dieser Seite anzeigen"}]');
INSERT INTO directus_fields (id, collection, field, type, interface, options, locked, validation, required, readonly, hidden_detail, hidden_browse, sort, width, `group`, note, translation) VALUES (null, 'pages', 'whoweare', 'alias', 'divider', '{"style":"large","title":"","hr":true,"margin":true}', 0, null, 0, 0, 0, 0, 10, 'full', null, null, '[{"newItem":true,"locale":"de-DE","translation":"Wer wir sind"}]');
INSERT INTO directus_fields (id, collection, field, type, interface, options, locked, validation, required, readonly, hidden_detail, hidden_browse, sort, width, `group`, note, translation) VALUES (null, 'pages', 'whoweare_show', 'boolean', 'switch', '{"labelOn":"Anzeigen","labelOff":"Nicht anzeigen","checkbox":false}', 0, null, 0, 0, 0, 0, 11, 'full', null, null, '[{"newItem":true,"locale":"de-DE","translation":"Gruppenstruktur auf dieser Seite anzeigen"}]');
INSERT INTO directus_fields (id, collection, field, type, interface, options, locked, validation, required, readonly, hidden_detail, hidden_browse, sort, width, `group`, note, translation) VALUES (null, 'pages', 'whoweare_participate_links_page', 'm2o', 'many-to-one', '{"placeholder":"","threshold":20}', 0, null, 1, 0, 0, 0, 12, 'half', null, '', '[{"newItem":true,"locale":"de-DE","translation":"Mitmachen-Buttons verlinken auf..."}]');
INSERT INTO directus_fields (id, collection, field, type, interface, options, locked, validation, required, readonly, hidden_detail, hidden_browse, sort, width, `group`, note, translation) VALUES (null, 'pages', 'whoweare_agenda_links_page', 'm2o', 'many-to-one', '{"placeholder":"","threshold":20}', 0, null, 1, 0, 0, 0, 13, 'half', null, null, '[{"newItem":true,"locale":"de-DE","translation":"Agenda-Eintr\\u00e4ge verlinken auf..."}]');
INSERT INTO directus_fields (id, collection, field, type, interface, options, locked, validation, required, readonly, hidden_detail, hidden_browse, sort, width, `group`, note, translation) VALUES (null, 'pages', 'whoweare_show_contacts', 'boolean', 'switch', '{"labelOn":"Anzeigen","labelOff":"Nicht anzeigen","checkbox":false}', 0, null, 0, 0, 0, 0, 15, 'full', null, null, '[{"newItem":true,"locale":"de-DE","translation":"Kontakte auf dieser Seite anzeigen"}]');
INSERT INTO directus_fields (id, collection, field, type, interface, options, locked, validation, required, readonly, hidden_detail, hidden_browse, sort, width, `group`, note, translation) VALUES (null, 'pages', 'agenda', 'alias', 'divider', '{"style":"large","title":"","hr":true,"margin":true}', 0, null, 0, 0, 0, 0, 16, 'full', null, null, '[{"newItem":true,"locale":"de-DE","translation":"Agenda"}]');
INSERT INTO directus_fields (id, collection, field, type, interface, options, locked, validation, required, readonly, hidden_detail, hidden_browse, sort, width, `group`, note, translation) VALUES (null, 'pages', 'agenda_sections', 'json', 'repeater', '{"placeholder":"New Item...","createItemText":"Create Item","limit":null,"structure":"array","fields":[{"newItem":true,"field":"title","width":"half","interface":"text-input","type":"string","note":"\\u00dcberschrift","options":[]},{"newItem":true,"field":"type","width":"half","interface":"dropdown","type":"string","options":{"choices":{"events":"Anl\\u00e4sse","annual_plan":"Jahresplan","special_events":"Special Events"},"formatting":true}}]}', 0, null, 0, 0, 0, 0, 17, 'full', null, null, '[{"newItem":true,"locale":"de-DE","translation":"Agenda-Abschnitte die auf dieser Seite angezeigt werden"}]');
INSERT INTO directus_fields (id, collection, field, type, interface, options, locked, validation, required, readonly, hidden_detail, hidden_browse, sort, width, `group`, note, translation) VALUES (null, 'pages', 'agenda_noevents', 'string', 'wysiwyg', '{"tinymce_options":null,"toolbar":["bold","italic","underline","removeformat","link","bullist","numlist","blockquote","h1","h2","h3","image","media","hr","code","fullscreen","aligncenter","alignjustify","alignleft","alignnone","alignright","forecolor","strikethrough","subscript","superscript","unlink","table"],"custom_formats":null}', 0, null, 0, 0, 0, 0, 18, 'full', null, 'Wird angezeigt falls für eine Gruppe keine zukünftigen Anlässe erfasst sind.', '[{"newItem":true,"locale":"de-DE","translation":"Keine Anl\\u00e4sse"}]');
INSERT INTO directus_fields (id, collection, field, type, interface, options, locked, validation, required, readonly, hidden_detail, hidden_browse, sort, width, `group`, note, translation) VALUES (null, 'pages', 'sort', 'sort', 'sort', null, 0, null, 0, 0, 1, 1, 19, 'full', null, null, null);
INSERT INTO directus_fields (id, collection, field, type, interface, options, locked, validation, required, readonly, hidden_detail, hidden_browse, sort, width, `group`, note, translation) VALUES (null, 'pages', 'created_on', 'datetime_created', 'datetime-created', null, 0, null, 0, 1, 1, 1, 20, 'full', null, null, null);
INSERT INTO directus_fields (id, collection, field, type, interface, options, locked, validation, required, readonly, hidden_detail, hidden_browse, sort, width, `group`, note, translation) VALUES (null, 'pages', 'modified_by', 'user_updated', 'user-updated', '{"template":"{{first_name}} {{last_name}}","display":"both"}', 0, null, 0, 1, 1, 1, 21, 'full', null, null, null);
INSERT INTO directus_fields (id, collection, field, type, interface, options, locked, validation, required, readonly, hidden_detail, hidden_browse, sort, width, `group`, note, translation) VALUES (null, 'pages', 'modified_on', 'datetime_updated', 'datetime-updated', null, 0, null, 0, 1, 1, 1, 22, 'full', null, null, null);
INSERT INTO directus_fields (id, collection, field, type, interface, options, locked, validation, required, readonly, hidden_detail, hidden_browse, sort, width, `group`, note, translation) VALUES (null, 'settings', 'id', 'integer', 'primary-key', null, 0, null, 0, 0, 1, 1, 1, 'full', null, null, null);
INSERT INTO directus_fields (id, collection, field, type, interface, options, locked, validation, required, readonly, hidden_detail, hidden_browse, sort, width, `group`, note, translation) VALUES (null, 'settings', 'website_title', 'string', 'text-input', '{"trim":true,"showCharacterCount":true,"formatValue":false,"monospace":false}', 0, null, 1, 0, 0, 0, 2, 'full', null, null, '[{"newItem":true,"locale":"de-DE","translation":"Webseitentitel"}]');
INSERT INTO directus_fields (id, collection, field, type, interface, options, locked, validation, required, readonly, hidden_detail, hidden_browse, sort, width, `group`, note, translation) VALUES (null, 'settings', 'scout_group_name', 'string', 'text-input', '{"trim":true,"showCharacterCount":true,"formatValue":false,"monospace":false}', 0, null, 1, 0, 0, 0, 3, 'full', null, null, '[{"newItem":true,"locale":"de-DE","translation":"Abteilungsname"}]');
INSERT INTO directus_fields (id, collection, field, type, interface, options, locked, validation, required, readonly, hidden_detail, hidden_browse, sort, width, `group`, note, translation) VALUES (null, 'settings', 'logo', 'file', 'file', '{"crop":false,"viewType":"cards","viewOptions":{"title":"title","subtitle":"type","content":"description","src":"data"},"viewQuery":[],"filters":[],"accept":"image\\/png,image\\/svg+xml","allowDelete":false}', 0, null, 0, 0, 0, 0, 4, 'full', null, '', '[{"newItem":true,"locale":"de-DE","translation":"Abteilungslogo"}]');
INSERT INTO directus_fields (id, collection, field, type, interface, options, locked, validation, required, readonly, hidden_detail, hidden_browse, sort, width, `group`, note, translation) VALUES (null, 'settings', 'favicon', 'file', 'file', '{"crop":false,"viewType":"cards","viewOptions":{"title":"title","subtitle":"type","content":"description","src":"data"},"viewQuery":[],"filters":[],"accept":"image\\/png","allowDelete":true}', 0, null, 0, 0, 0, 0, 5, 'full', null, 'Das kleine Icon auf dem Tab im Browser. Sollte ein 32x32 Pixel grosses PNG-Bild sein.', '[{"newItem":true,"locale":"de-DE","translation":"Webseiten-Icon"}]');
INSERT INTO directus_fields (id, collection, field, type, interface, options, locked, validation, required, readonly, hidden_detail, hidden_browse, sort, width, `group`, note, translation) VALUES (null, 'settings', 'primary_color', 'string', 'color', '{"format":"hex","palette":["#E91E63","#F44336","#FF9800","#FFC107","#FFEB3B","#CDDC39","#4CAF50","#00BCD4","#2196F3","#3F51B5","#9C27B0","#607D8B"],"paletteOnly":false}', 0, null, 1, 0, 0, 0, 6, 'full', null, null, '[{"newItem":true,"locale":"de-DE","translation":"Prim\\u00e4rfarbe"}]');
INSERT INTO directus_fields (id, collection, field, type, interface, options, locked, validation, required, readonly, hidden_detail, hidden_browse, sort, width, `group`, note, translation) VALUES (null, 'settings', 'secondary_color', 'string', 'color', '{"format":"hex","palette":["#E91E63","#F44336","#FF9800","#FFC107","#FFEB3B","#CDDC39","#4CAF50","#00BCD4","#2196F3","#3F51B5","#9C27B0","#607D8B"],"paletteOnly":false}', 0, null, 1, 0, 0, 0, 7, 'full', null, null, '[{"newItem":true,"locale":"de-DE","translation":"Sekund\\u00e4rfarbe"}]');
INSERT INTO directus_fields (id, collection, field, type, interface, options, locked, validation, required, readonly, hidden_detail, hidden_browse, sort, width, `group`, note, translation) VALUES (null, 'settings', 'event_email', 'string', 'text-input', '{"trim":true,"showCharacterCount":true,"formatValue":false,"monospace":false}', 0, null, 1, 0, 0, 0, 8, 'full', null, null, '[{"newItem":true,"locale":"de-DE","translation":"Kontakt f\\u00fcr Anl\\u00e4sse ohne Kontaktangabe"}]');
INSERT INTO directus_fields (id, collection, field, type, interface, options, locked, validation, required, readonly, hidden_detail, hidden_browse, sort, width, `group`, note, translation) VALUES (null, 'settings', 'annual_plan', 'file', 'file', '{"crop":true,"viewType":"cards","viewOptions":{"title":"title","subtitle":"type","content":"description","src":"data"},"viewQuery":[],"filters":[],"accept":"application\\/pdf","allowDelete":false}', 0, null, 0, 0, 0, 0, 9, 'full', null, '', '[{"newItem":true,"locale":"de-DE","translation":"Abteilungs-Jahresplan"}]');
INSERT INTO directus_fields (id, collection, field, type, interface, options, locked, validation, required, readonly, hidden_detail, hidden_browse, sort, width, `group`, note, translation) VALUES (null, 'settings', 'recaptcha_site_key', 'string', 'text-input', '{"trim":true,"showCharacterCount":true,"formatValue":false,"monospace":true}', 0, null, 0, 0, 0, 0, 10, 'full', null, null, '[{"newItem":true,"locale":"de-DE","translation":"ReCaptcha Seitenschl\\u00fcssel"}]');
INSERT INTO directus_fields (id, collection, field, type, interface, options, locked, validation, required, readonly, hidden_detail, hidden_browse, sort, width, `group`, note, translation) VALUES (null, 'settings', 'recaptcha_secret_key', 'string', 'text-input', '{"trim":true,"showCharacterCount":true,"formatValue":false,"monospace":true}', 0, null, 0, 0, 0, 0, 11, 'full', null, null, '[{"newItem":true,"locale":"de-DE","translation":"ReCaptcha Geheimschl\\u00fcssel"}]');
INSERT INTO directus_fields (id, collection, field, type, interface, options, locked, validation, required, readonly, hidden_detail, hidden_browse, sort, width, `group`, note, translation) VALUES (null, 'settings', 'footer_group_list_title', 'string', 'text-input', '{"trim":true,"showCharacterCount":true,"formatValue":false,"monospace":false}', 0, null, 0, 0, 0, 0, 12, 'full', null, '', '[{"newItem":true,"locale":"de-DE","translation":"Titel der Gruppen-Liste im Footer"}]');
INSERT INTO directus_fields (id, collection, field, type, interface, options, locked, validation, required, readonly, hidden_detail, hidden_browse, sort, width, `group`, note, translation) VALUES (null, 'settings', 'footer_group_links_page', 'm2o', 'many-to-one', '{"placeholder":"","threshold":20}', 0, null, 1, 0, 0, 0, 13, 'full', null, null, '[{"newItem":true,"locale":"de-DE","translation":"Gruppen im Footer verlinken auf..."}]');
INSERT INTO directus_fields (id, collection, field, type, interface, options, locked, validation, required, readonly, hidden_detail, hidden_browse, sort, width, `group`, note, translation) VALUES (null, 'settings', 'footer_links', 'json', 'repeater', '{"placeholder":"New Item...","createItemText":"Create Item","limit":null,"structure":"array","fields":[{"newItem":true,"field":"name","width":"half","interface":"text-input","type":"string","options":{"trim":true}},{"newItem":true,"field":"url","width":"half","interface":"text-input","type":"string","options":{"trim":true,"monospace":true}}]}', 0, null, 0, 0, 0, 0, 14, 'full', null, '', '[{"newItem":true,"locale":"de-DE","translation":"Links im Footer"}]');
INSERT INTO directus_fields (id, collection, field, type, interface, options, locked, validation, required, readonly, hidden_detail, hidden_browse, sort, width, `group`, note, translation) VALUES (null, 'settings', 'footer_contact', 'string', 'wysiwyg', '{"tinymce_options":null,"toolbar":["bold","italic","underline","removeformat","link","bullist","numlist","blockquote","h1","h2","h3","image","media","hr","code","fullscreen","aligncenter","alignjustify","alignleft","alignnone","alignright","forecolor","strikethrough","subscript","superscript","unlink"],"custom_formats":null}', 0, null, 0, 0, 0, 0, 15, 'full', null, '', '[{"newItem":true,"locale":"de-DE","translation":"Kontakt im Footer"}]');
INSERT INTO directus_fields (id, collection, field, type, interface, options, locked, validation, required, readonly, hidden_detail, hidden_browse, sort, width, `group`, note, translation) VALUES (null, 'settings', 'modified_by', 'user_updated', 'user-updated', '{"template":"{{first_name}} {{last_name}}","display":"both"}', 0, null, 0, 1, 1, 1, 16, 'full', null, null, null);
INSERT INTO directus_fields (id, collection, field, type, interface, options, locked, validation, required, readonly, hidden_detail, hidden_browse, sort, width, `group`, note, translation) VALUES (null, 'settings', 'modified_on', 'datetime_updated', 'datetime-updated', null, 0, null, 0, 1, 1, 1, 17, 'full', null, null, null);
INSERT INTO directus_fields (id, collection, field, type, interface, options, locked, validation, required, readonly, hidden_detail, hidden_browse, sort, width, `group`, note, translation) VALUES (null, 'special_events', 'id', 'integer', 'primary-key', null, 0, null, 0, 0, 1, 1, 1, 'full', null, null, null);
INSERT INTO directus_fields (id, collection, field, type, interface, options, locked, validation, required, readonly, hidden_detail, hidden_browse, sort, width, `group`, note, translation) VALUES (null, 'special_events', 'name', 'string', 'text-input', '{"trim":true,"showCharacterCount":true,"formatValue":false,"monospace":false}', 0, null, 1, 0, 0, 0, 2, 'full', null, '', '[{"newItem":true,"locale":"de-DE","translation":"Name"}]');
INSERT INTO directus_fields (id, collection, field, type, interface, options, locked, validation, required, readonly, hidden_detail, hidden_browse, sort, width, `group`, note, translation) VALUES (null, 'special_events', 'name_plural', 'string', 'text-input', '{"trim":true,"showCharacterCount":true,"formatValue":false,"monospace":false}', 0, null, 1, 0, 0, 0, 3, 'full', null, '', '[{"newItem":true,"locale":"de-DE","translation":"Name im Plural"}]');
INSERT INTO directus_fields (id, collection, field, type, interface, options, locked, validation, required, readonly, hidden_detail, hidden_browse, sort, width, `group`, note, translation) VALUES (null, 'special_events', 'description', 'string', 'wysiwyg', '{"rows":8,"serif":false,"tinymce_options":null,"toolbar":["bold","italic","underline","removeformat","link","bullist","numlist","blockquote","h1","h2","h3","image","media","hr","code","fullscreen","aligncenter","alignjustify","alignleft","alignnone","alignright","forecolor","strikethrough","subscript","superscript","unlink","table","visualaid"],"custom_formats":null}', 0, null, 0, 0, 0, 0, 4, 'full', null, '', '[{"newItem":true,"locale":"de-DE","translation":"Beschreibung"}]');
INSERT INTO directus_fields (id, collection, field, type, interface, options, locked, validation, required, readonly, hidden_detail, hidden_browse, sort, width, `group`, note, translation) VALUES (null, 'special_events', 'status', 'status', 'status', '{"status_mapping":{"published":{"name":"Published","value":"published","text_color":"white","background_color":"accent","browse_subdued":false,"browse_badge":true,"soft_delete":false,"published":true,"required_fields":true},"draft":{"name":"Draft","value":"draft","text_color":"white","background_color":"blue-grey-100","browse_subdued":true,"browse_badge":true,"soft_delete":false,"published":false,"required_fields":false},"deleted":{"name":"Deleted","value":"deleted","text_color":"white","background_color":"red","browse_subdued":true,"browse_badge":true,"soft_delete":true,"published":false,"required_fields":false}}}', 0, null, 1, 0, 0, 0, 5, 'full', null, null, null);
INSERT INTO directus_fields (id, collection, field, type, interface, options, locked, validation, required, readonly, hidden_detail, hidden_browse, sort, width, `group`, note, translation) VALUES (null, 'special_events', 'sort', 'sort', 'sort', null, 0, null, 0, 0, 1, 1, 6, 'full', null, null, null);
INSERT INTO directus_fields (id, collection, field, type, interface, options, locked, validation, required, readonly, hidden_detail, hidden_browse, sort, width, `group`, note, translation) VALUES (null, 'special_events', 'created_on', 'datetime_created', 'datetime-created', null, 0, null, 0, 1, 1, 1, 7, 'full', null, null, null);
INSERT INTO directus_fields (id, collection, field, type, interface, options, locked, validation, required, readonly, hidden_detail, hidden_browse, sort, width, `group`, note, translation) VALUES (null, 'special_events', 'modified_by', 'user_updated', 'user-updated', '{"template":"{{first_name}} {{last_name}}","display":"both"}', 0, null, 0, 1, 1, 1, 8, 'full', null, null, null);
INSERT INTO directus_fields (id, collection, field, type, interface, options, locked, validation, required, readonly, hidden_detail, hidden_browse, sort, width, `group`, note, translation) VALUES (null, 'special_events', 'modified_on', 'datetime_updated', 'datetime-updated', null, 0, null, 0, 1, 1, 1, 9, 'full', null, null, null);
INSERT INTO directus_fields (id, collection, field, type, interface, options, locked, validation, required, readonly, hidden_detail, hidden_browse, sort, width, `group`, note, translation) VALUES (null, 'successor_groups', 'id', 'integer', 'primary-key', null, 0, null, 0, 0, 0, 0, 0, 'full', null, null, null);
INSERT INTO directus_fields (id, collection, field, type, interface, options, locked, validation, required, readonly, hidden_detail, hidden_browse, sort, width, `group`, note, translation) VALUES (null, 'successor_groups', 'predecessor_group', 'integer', null, null, 0, null, 1, 0, 0, 0, 0, 'full', null, null, null);
INSERT INTO directus_fields (id, collection, field, type, interface, options, locked, validation, required, readonly, hidden_detail, hidden_browse, sort, width, `group`, note, translation) VALUES (null, 'successor_groups', 'successor_group', 'integer', null, null, 0, null, 1, 0, 0, 0, 0, 'full', null, null, null);
INSERT INTO directus_permissions (id, collection, role, status, `create`, `read`, `update`, `delete`, comment, `explain`, read_field_blacklist, write_field_blacklist, status_blacklist) VALUES (null, 'age_levels', 3, 'deleted', 'full', 'full', 'full', 'full', 'none', 'none', null, null, null);
INSERT INTO directus_permissions (id, collection, role, status, `create`, `read`, `update`, `delete`, comment, `explain`, read_field_blacklist, write_field_blacklist, status_blacklist) VALUES (null, 'age_levels', 3, 'draft', 'full', 'full', 'full', 'full', 'none', 'none', null, null, null);
INSERT INTO directus_permissions (id, collection, role, status, `create`, `read`, `update`, `delete`, comment, `explain`, read_field_blacklist, write_field_blacklist, status_blacklist) VALUES (null, 'age_levels', 3, 'published', 'full', 'full', 'full', 'full', 'none', 'none', null, null, null);
INSERT INTO directus_permissions (id, collection, role, status, `create`, `read`, `update`, `delete`, comment, `explain`, read_field_blacklist, write_field_blacklist, status_blacklist) VALUES (null, 'age_levels', 4, 'deleted', 'none', 'none', 'none', 'none', 'none', 'none', null, null, null);
INSERT INTO directus_permissions (id, collection, role, status, `create`, `read`, `update`, `delete`, comment, `explain`, read_field_blacklist, write_field_blacklist, status_blacklist) VALUES (null, 'age_levels', 4, 'draft', 'none', 'none', 'none', 'none', 'none', 'none', null, null, null);
INSERT INTO directus_permissions (id, collection, role, status, `create`, `read`, `update`, `delete`, comment, `explain`, read_field_blacklist, write_field_blacklist, status_blacklist) VALUES (null, 'age_levels', 4, 'published', 'none', 'none', 'none', 'none', 'none', 'none', null, null, null);
INSERT INTO directus_permissions (id, collection, role, status, `create`, `read`, `update`, `delete`, comment, `explain`, read_field_blacklist, write_field_blacklist, status_blacklist) VALUES (null, 'contacts', 3, 'deleted', 'full', 'full', 'full', 'full', 'none', 'none', null, null, null);
INSERT INTO directus_permissions (id, collection, role, status, `create`, `read`, `update`, `delete`, comment, `explain`, read_field_blacklist, write_field_blacklist, status_blacklist) VALUES (null, 'contacts', 3, 'draft', 'full', 'full', 'full', 'full', 'none', 'none', null, null, null);
INSERT INTO directus_permissions (id, collection, role, status, `create`, `read`, `update`, `delete`, comment, `explain`, read_field_blacklist, write_field_blacklist, status_blacklist) VALUES (null, 'contacts', 3, 'published', 'full', 'full', 'full', 'full', 'none', 'none', null, null, null);
INSERT INTO directus_permissions (id, collection, role, status, `create`, `read`, `update`, `delete`, comment, `explain`, read_field_blacklist, write_field_blacklist, status_blacklist) VALUES (null, 'events', 3, 'deleted', 'full', 'full', 'full', 'full', 'none', 'none', null, null, null);
INSERT INTO directus_permissions (id, collection, role, status, `create`, `read`, `update`, `delete`, comment, `explain`, read_field_blacklist, write_field_blacklist, status_blacklist) VALUES (null, 'events', 3, 'draft', 'full', 'full', 'full', 'full', 'none', 'none', null, null, null);
INSERT INTO directus_permissions (id, collection, role, status, `create`, `read`, `update`, `delete`, comment, `explain`, read_field_blacklist, write_field_blacklist, status_blacklist) VALUES (null, 'events', 3, 'published', 'full', 'full', 'full', 'full', 'none', 'none', null, null, null);
INSERT INTO directus_permissions (id, collection, role, status, `create`, `read`, `update`, `delete`, comment, `explain`, read_field_blacklist, write_field_blacklist, status_blacklist) VALUES (null, 'events', 4, 'deleted', 'full', 'full', 'mine', 'mine', 'none', 'none', null, null, null);
INSERT INTO directus_permissions (id, collection, role, status, `create`, `read`, `update`, `delete`, comment, `explain`, read_field_blacklist, write_field_blacklist, status_blacklist) VALUES (null, 'events', 4, 'draft', 'full', 'full', 'mine', 'mine', 'none', 'none', null, null, null);
INSERT INTO directus_permissions (id, collection, role, status, `create`, `read`, `update`, `delete`, comment, `explain`, read_field_blacklist, write_field_blacklist, status_blacklist) VALUES (null, 'events', 4, 'published', 'full', 'full', 'mine', 'mine', 'none', 'none', null, null, null);
INSERT INTO directus_permissions (id, collection, role, status, `create`, `read`, `update`, `delete`, comment, `explain`, read_field_blacklist, write_field_blacklist, status_blacklist) VALUES (null, 'groups', 3, 'deleted', 'full', 'full', 'full', 'full', 'none', 'none', null, null, null);
INSERT INTO directus_permissions (id, collection, role, status, `create`, `read`, `update`, `delete`, comment, `explain`, read_field_blacklist, write_field_blacklist, status_blacklist) VALUES (null, 'groups', 3, 'draft', 'full', 'full', 'full', 'full', 'none', 'none', null, null, null);
INSERT INTO directus_permissions (id, collection, role, status, `create`, `read`, `update`, `delete`, comment, `explain`, read_field_blacklist, write_field_blacklist, status_blacklist) VALUES (null, 'groups', 3, 'published', 'full', 'full', 'full', 'full', 'none', 'none', null, null, null);
INSERT INTO directus_permissions (id, collection, role, status, `create`, `read`, `update`, `delete`, comment, `explain`, read_field_blacklist, write_field_blacklist, status_blacklist) VALUES (null, 'groups', 4, 'deleted', 'none', 'full', 'mine', 'none', 'none', 'none', null, null, null);
INSERT INTO directus_permissions (id, collection, role, status, `create`, `read`, `update`, `delete`, comment, `explain`, read_field_blacklist, write_field_blacklist, status_blacklist) VALUES (null, 'groups', 4, 'draft', 'none', 'full', 'mine', 'none', 'none', 'none', null, null, null);
INSERT INTO directus_permissions (id, collection, role, status, `create`, `read`, `update`, `delete`, comment, `explain`, read_field_blacklist, write_field_blacklist, status_blacklist) VALUES (null, 'groups', 4, 'published', 'none', 'full', 'mine', 'none', 'none', 'none', null, null, null);
INSERT INTO directus_permissions (id, collection, role, status, `create`, `read`, `update`, `delete`, comment, `explain`, read_field_blacklist, write_field_blacklist, status_blacklist) VALUES (null, 'locations', 3, 'deleted', 'full', 'full', 'full', 'full', 'none', 'none', null, null, null);
INSERT INTO directus_permissions (id, collection, role, status, `create`, `read`, `update`, `delete`, comment, `explain`, read_field_blacklist, write_field_blacklist, status_blacklist) VALUES (null, 'locations', 3, 'draft', 'full', 'full', 'full', 'full', 'none', 'none', null, null, null);
INSERT INTO directus_permissions (id, collection, role, status, `create`, `read`, `update`, `delete`, comment, `explain`, read_field_blacklist, write_field_blacklist, status_blacklist) VALUES (null, 'locations', 3, 'published', 'full', 'full', 'full', 'full', 'none', 'none', null, null, null);
INSERT INTO directus_permissions (id, collection, role, status, `create`, `read`, `update`, `delete`, comment, `explain`, read_field_blacklist, write_field_blacklist, status_blacklist) VALUES (null, 'locations', 4, 'deleted', 'full', 'full', 'full', 'none', 'none', 'none', null, null, null);
INSERT INTO directus_permissions (id, collection, role, status, `create`, `read`, `update`, `delete`, comment, `explain`, read_field_blacklist, write_field_blacklist, status_blacklist) VALUES (null, 'locations', 4, 'draft', 'full', 'full', 'full', 'none', 'none', 'none', null, null, null);
INSERT INTO directus_permissions (id, collection, role, status, `create`, `read`, `update`, `delete`, comment, `explain`, read_field_blacklist, write_field_blacklist, status_blacklist) VALUES (null, 'locations', 4, 'published', 'full', 'full', 'full', 'none', 'none', 'none', null, null, null);
INSERT INTO directus_permissions (id, collection, role, status, `create`, `read`, `update`, `delete`, comment, `explain`, read_field_blacklist, write_field_blacklist, status_blacklist) VALUES (null, 'pages', 3, 'deleted', 'full', 'full', 'full', 'full', 'none', 'none', null, null, null);
INSERT INTO directus_permissions (id, collection, role, status, `create`, `read`, `update`, `delete`, comment, `explain`, read_field_blacklist, write_field_blacklist, status_blacklist) VALUES (null, 'pages', 3, 'draft', 'full', 'full', 'full', 'full', 'none', 'none', null, null, null);
INSERT INTO directus_permissions (id, collection, role, status, `create`, `read`, `update`, `delete`, comment, `explain`, read_field_blacklist, write_field_blacklist, status_blacklist) VALUES (null, 'pages', 3, 'published', 'full', 'full', 'full', 'full', 'none', 'none', null, null, null);
INSERT INTO directus_permissions (id, collection, role, status, `create`, `read`, `update`, `delete`, comment, `explain`, read_field_blacklist, write_field_blacklist, status_blacklist) VALUES (null, 'settings', 3, null, 'full', 'full', 'full', 'full', 'none', 'none', null, null, null);
INSERT INTO directus_permissions (id, collection, role, status, `create`, `read`, `update`, `delete`, comment, `explain`, read_field_blacklist, write_field_blacklist, status_blacklist) VALUES (null, 'special_events', 3, 'deleted', 'full', 'full', 'full', 'full', 'none', 'none', null, null, null);
INSERT INTO directus_permissions (id, collection, role, status, `create`, `read`, `update`, `delete`, comment, `explain`, read_field_blacklist, write_field_blacklist, status_blacklist) VALUES (null, 'special_events', 3, 'draft', 'full', 'full', 'full', 'full', 'none', 'none', null, null, null);
INSERT INTO directus_permissions (id, collection, role, status, `create`, `read`, `update`, `delete`, comment, `explain`, read_field_blacklist, write_field_blacklist, status_blacklist) VALUES (null, 'special_events', 3, 'published', 'full', 'full', 'full', 'full', 'none', 'none', null, null, null);
INSERT INTO directus_relations (id, collection_many, field_many, collection_one, field_one, junction_field) VALUES (null, 'event_attachments', 'event', 'events', 'attachments', null);
INSERT INTO directus_relations (id, collection_many, field_many, collection_one, field_one, junction_field) VALUES (null, 'events', 'end_location', 'locations', null, null);
INSERT INTO directus_relations (id, collection_many, field_many, collection_one, field_one, junction_field) VALUES (null, 'events_groups', 'event', 'events', 'participating_groups', 'group');
INSERT INTO directus_relations (id, collection_many, field_many, collection_one, field_one, junction_field) VALUES (null, 'events_groups', 'group', 'groups', 'events', 'event');
INSERT INTO directus_relations (id, collection_many, field_many, collection_one, field_one, junction_field) VALUES (null, 'events_special_events', 'event', 'events', 'special_events', 'special_event');
INSERT INTO directus_relations (id, collection_many, field_many, collection_one, field_one, junction_field) VALUES (null, 'events_special_events', 'special_event', 'special_events', 'events', 'event');
INSERT INTO directus_relations (id, collection_many, field_many, collection_one, field_one, junction_field) VALUES (null, 'events', 'start_location', 'locations', null, null);
INSERT INTO directus_relations (id, collection_many, field_many, collection_one, field_one, junction_field) VALUES (null, 'group_images', 'group', 'groups', 'images', null);
INSERT INTO directus_relations (id, collection_many, field_many, collection_one, field_one, junction_field) VALUES (null, 'groups', 'age_level', 'age_levels', null, null);
INSERT INTO directus_relations (id, collection_many, field_many, collection_one, field_one, junction_field) VALUES (null, 'page_contents', 'page', null, null, null);
INSERT INTO directus_relations (id, collection_many, field_many, collection_one, field_one, junction_field) VALUES (null, 'page_contents', 'page', 'pages', 'contents', null);
INSERT INTO directus_relations (id, collection_many, field_many, collection_one, field_one, junction_field) VALUES (null, 'pages', 'whoweare_agenda_links_page', 'pages', null, null);
INSERT INTO directus_relations (id, collection_many, field_many, collection_one, field_one, junction_field) VALUES (null, 'pages', 'whoweare_participate_links_page', 'pages', null, null);
INSERT INTO directus_relations (id, collection_many, field_many, collection_one, field_one, junction_field) VALUES (null, 'settings', 'footer_group_links_page', 'pages', null, null);
INSERT INTO directus_relations (id, collection_many, field_many, collection_one, field_one, junction_field) VALUES (null, 'successor_groups', 'predecessor_group', 'groups', 'successor_groups', 'successor_group');
INSERT INTO directus_relations (id, collection_many, field_many, collection_one, field_one, junction_field) VALUES (null, 'successor_groups', 'successor_group', 'groups', 'groups', 'predecessor_group');
INSERT INTO directus_roles (id, name, description, ip_whitelist, external_id, module_listing, collection_listing, enforce_2fa) VALUES (null, 'AL', null, null, '1d45abb7-131b-4d15-93b7-1b42ee46ba85', null, null, 0);
INSERT INTO directus_roles (id, name, description, ip_whitelist, external_id, module_listing, collection_listing, enforce_2fa) VALUES (null, 'Leiter', null, null, '046f6b4c-61ed-4223-b430-eb0d9179fc84', null, null, 0);
